"0","library(ggplot2)"
"0","library(dplyr)"
"0","library(readr)"
"0","library(sf)"
"0","library(rnaturalearth)"
"0","library(rnaturalearthdata)"
"0",""
"0","# Load and prepare data"
"0","unicef_indicator_1 <- read_csv(""unicef_indicator_1.csv"", col_types = cols("
"0","  country = col_character(),"
"0","  alpha_2_code = col_character(),"
"0","  alpha_3_code = col_character(),"
"0","  numeric_code = col_double(),"
"0","  indicator = col_character(),"
"0","  time_period = col_double(),"
"0","  obs_value = col_double(),"
"0","  sex = col_character(),"
"0","  unit_multiplier = col_character(),"
"0","  unit_of_measure = col_character(),"
"0","  observation_status = col_character(),"
"0","  observation_confidentiality = col_character(),"
"0","  time_period_activity_related_to_when_the_data_are_collected = col_logical(),"
"0","  current_age = col_character()"
"0","))"
"2","Warning: The following named parsers don't match the column names: observation_confidentiality"
"0","# Create Albania data"
"0","albania_data <- unicef_indicator_1 %>%"
"0","  filter(country == ""Albania"", indicator == ""Percentage of surviving infants who received the first dose of rubella-containing vaccine"") %>%"
"0","  select(time_period, obs_value) %>%"
"0","  arrange(time_period)"
"0","# Create and print Albania vaccination chart"
"0","albania_vaccination_chart <- ggplot(albania_data, aes(x = as.factor(time_period), y = obs_value)) +"
"0","  geom_col(fill = ""steelblue"", color = ""black"") +  "
"0","  labs(title = ""Guardians of Health: Unveiling Rubella Vaccine Triumphs in Albanian Infants"","
"0","       x = ""Year"","
"0","       y = ""Percentage of Infants Receiving First Dose of Rubella Vaccine"") +"
"0","  theme_minimal() +  "
"0","  theme(axis.text.x = element_text(angle = 45, hjust = 1))"
"0",""
"0","print(albania_vaccination_chart)"
