{"chunk_definitions":[{"row":43,"row_count":1,"visible":true,"expansion_state":0,"options":{"engine":"r","label":"unnamed-chunk-1","dev":"png"},"document_id":"EAB87D9A","chunk_id":"culxdj0wqjb3o","chunk_label":"unnamed-chunk-1"},{"row":53,"row_count":1,"visible":true,"expansion_state":0,"options":{"engine":"r","label":"unnamed-chunk-2","dev":"png"},"document_id":"EAB87D9A","chunk_id":"c9v0ngj2pjcmm","chunk_label":"unnamed-chunk-2"},{"row":88,"row_count":1,"visible":true,"expansion_state":0,"options":{"engine":"r","label":"unnamed-chunk-4","dev":"png"},"document_id":"EAB87D9A","chunk_id":"cbjerbbe2p2l6","chunk_label":"unnamed-chunk-3"},{"row":135,"row_count":1,"visible":true,"expansion_state":0,"options":{"engine":"r","label":"unnamed-chunk-5","dev":"png"},"document_id":"EAB87D9A","chunk_id":"cs685brfof9lf","chunk_label":"unnamed-chunk-4"},{"row":148,"row_count":1,"visible":true,"expansion_state":0,"options":{"engine":"r","label":"unnamed-chunk-6","dev":"png"},"document_id":"EAB87D9A","chunk_id":"cjt6hhw9wo30n","chunk_label":"unnamed-chunk-5"}],"doc_write_time":1713026552}