"0","# Filter and join data"
"0","analysis_data <- unicef_indicator_1 %>%"
"0","  filter(indicator == ""Percentage of surviving infants who received the first dose of rubella-containing vaccine"") %>%"
"0","  inner_join("
"0","    unicef_metadata %>% select(alpha_3_code, year, `GDP per capita (constant 2015 US$)`),"
"0","    by = c(""alpha_3_code"", ""time_period"" = ""year"")"
"0","  )"
"2","Warning: Detected an unexpected many-to-many relationship between `x` and `y`."
"0","# Check to ensure data is correctly prepared"
"0","print(head(analysis_data))"
