"0","library(readr)"
"0",""
"0","unicef_indicator_1 <- read_csv(""unicef_indicator_1.csv"", col_types = cols("
"0","  country = col_character(),"
"0","  alpha_2_code = col_character(),"
"0","  alpha_3_code = col_character(),"
"0","  numeric_code = col_double(),"
"0","  indicator = col_character(),"
"0","  time_period = col_double(),"
"0","  obs_value = col_double(),"
"0","  sex = col_character(),"
"0","  unit_multiplier = col_character(),"
"0","  unit_of_measure = col_character(),"
"0","  observation_status = col_character(),"
"0","  observation_confidentiality = col_character(),"
"0","  time_period_activity_related_to_when_the_data_are_collected = col_logical(),"
"0","  current_age = col_character()"
"0","))"
"2","Warning: The following named parsers don't match the column names: observation_confidentiality"
"0","unicef_metadata <- read_csv(""unicef_metadata.csv"", col_types = cols("
"0","  country = col_character(),"
"0","  alpha_2_code = col_character(),"
"0","  alpha_3_code = col_character(),"
"0","  iso3c = col_character(),"
"0","  numeric_code = col_double(),"
"0","  year = col_double(),"
"0","  GNI = col_double(),"
"0","  Inflation = col_double(),"
"0","  Life_expectancy = col_double(),"
"0","  Military_expenditure = col_double()"
"0","))"
"2","Warning: The following named parsers don't match the column names: GNI, Inflation, Life_expectancy, Military_expenditure"
"0","head(unicef_indicator_1)"
